{
  "timestamp": 1756995462.3087792,
  "system_info": {
    "cpu_count": 32,
    "memory_gb": 62.5998420715332,
    "gpu_available": true,
    "gpu_name": "NVIDIA GeForce RTX 4090"
  },
  "performance_metrics": {
    "avg_pipeline_time_ms": 185.39576530456543,
    "std_pipeline_time_ms": 24.21023939277838,
    "min_pipeline_time_ms": 158.65111351013184,
    "max_pipeline_time_ms": 229.65431213378906
  },
  "optimization_status": "baseline"
}